Metric,Value
MAE,2.1165937137412065
MSE,6.5160448134123
